安徽,安庆,https://aq.lianjia.com/
安徽,滁州,https://cz.fang.lianjia.com/
安徽,阜阳,https://fy.lianjia.com/
安徽,合肥,https://hf.lianjia.com/
安徽,马鞍山,https://mas.lianjia.com/
安徽,芜湖,https://wuhu.lianjia.com/
北京,北京,https://bj.lianjia.com/
重庆,重庆,https://cq.lianjia.com/
福建,福州,https://fz.lianjia.com/
福建,泉州,https://quanzhou.lianjia.com/
福建,厦门,https://xm.lianjia.com/
福建,漳州,https://zhangzhou.lianjia.com/
广东,东莞,https://dg.lianjia.com/
广东,佛山,https://fs.lianjia.com/
广东,广州,https://gz.lianjia.com/
广东,惠州,https://hui.lianjia.com/
广东,江门,https://jiangmen.lianjia.com/
广东,清远,https://qy.lianjia.com/
广东,深圳,https://sz.lianjia.com/
广东,珠海,https://zh.lianjia.com/
广东,湛江,https://zhanjiang.lianjia.com/
广东,中山,https://zs.lianjia.com/
广东,北海,https://bh.lianjia.com/
广东,防城港,https://fcg.lianjia.com/
广东,桂林,https://gl.lianjia.com/
广东,柳州,https://liuzhou.lianjia.com/
广东,南宁,https://nn.lianjia.com/
广东,兰州,https://lz.lianjia.com/
广东,天水,https://tianshui.lianjia.com/
广东,贵阳,https://gy.lianjia.com/
河北,保定,https://bd.lianjia.com/
河北,廊坊,https://lf.lianjia.com/
河北,秦皇岛,https://qhd.fang.lianjia.com/
河北,石家庄,https://sjz.lianjia.com/
河北,唐山,https://ts.lianjia.com/
河北,张家口,https://zjk.lianjia.com/
河北,保亭,https://bt.fang.lianjia.com/
河北,澄迈,https://cm.lianjia.com/
河北,儋州,https://dz.fang.lianjia.com/
河北,海口,https://hk.lianjia.com/
河北,临高,https://lg.fang.lianjia.com/
河北,乐东,https://ld.fang.lianjia.com/
河北,陵水,https://ls.fang.lianjia.com/
河北,琼海,https://qh.fang.lianjia.com/
河北,三亚,https://san.lianjia.com/
河北,五指山,https://wzs.fang.lianjia.com/
河北,文昌,https://wc.fang.lianjia.com/
河北,万宁,https://wn.fang.lianjia.com/
河北,长沙,https://cs.lianjia.com/
河北,常德,https://changde.lianjia.com/
河北,岳阳,https://yy.lianjia.com/
河北,株洲,https://zhuzhou.lianjia.com/
河北,开封,https://kf.lianjia.com/
河北,洛阳,https://luoyang.lianjia.com/
河北,三门峡,https://smx.fang.lianjia.com/
河北,新乡,https://xinxiang.lianjia.com/
河北,许昌,https://xc.lianjia.com/
河北,郑州,https://zz.lianjia.com/
河北,周口,https://zk.lianjia.com/
河北,驻马店,https://zmd.lianjia.com/
河北,鄂州,https://ez.lianjia.com/
河北,黄石,https://huangshi.lianjia.com/
河北,武汉,https://wh.lianjia.com/
河北,襄阳,https://xy.lianjia.com/
河北,宜昌,https://yichang.lianjia.com/
河北,哈尔滨,https://hrb.lianjia.com/
江西,赣州,https://ganzhou.lianjia.com/
江西,九江,https://jiujiang.lianjia.com/
江西,吉安,https://jian.lianjia.com/
江西,南昌,https://nc.lianjia.com/
江西,上饶,https://sr.lianjia.com/
江西,常州,https://changzhou.lianjia.com/
江西,常熟,https://changshu.lianjia.com/
江西,丹阳,https://danyang.lianjia.com/
江西,海门,https://haimen.lianjia.com/
江西,淮安,https://ha.lianjia.com/
江西,江阴,https://jy.lianjia.com/
江西,句容,https://jr.lianjia.com/
江西,昆山,https://ks.lianjia.com/
江西,南京,https://nj.lianjia.com/
江西,南通,https://nt.lianjia.com/
江西,苏州,https://su.lianjia.com/
江西,太仓,https://taicang.lianjia.com/
江西,无锡,https://wx.lianjia.com/
江西,徐州,https://xz.lianjia.com/
江西,盐城,https://yc.lianjia.com/
江西,镇江,https://zj.lianjia.com/
江西,长春,https://cc.lianjia.com/
江西,吉林,https://jl.lianjia.com/
辽宁,大连,https://dl.lianjia.com/
辽宁,丹东,https://dd.lianjia.com/
辽宁,抚顺,https://fushun.lianjia.com/
辽宁,沈阳,https://sy.lianjia.com/
内蒙古,包头,https://baotou.lianjia.com/
内蒙古,赤峰,https://cf.lianjia.com/
内蒙古,呼和浩特,https://hhht.lianjia.com/
内蒙古,银川,https://yinchuan.lianjia.com/
山东,菏泽,https://heze.lianjia.com/
山东,济南,https://jn.lianjia.com/
山东,济宁,https://jining.lianjia.com/
山东,临沂,https://linyi.lianjia.com/
山东,青岛,https://qd.lianjia.com/
山东,泰安,https://ta.lianjia.com/
山东,潍坊,https://wf.lianjia.com/
山东,威海,https://weihai.lianjia.com/
山东,烟台,https://yt.lianjia.com/
山东,淄博,https://zb.lianjia.com/
山东,成都,https://cd.lianjia.com/
山东,德阳,https://dy.lianjia.com/
山东,达州,https://dazhou.lianjia.com/
山东,广元,https://guangyuan.lianjia.com/
山东,乐山,https://leshan.fang.lianjia.com/
山东,凉山,https://liangshan.lianjia.com/
山东,绵阳,https://mianyang.lianjia.com/
山东,眉山,https://ms.fang.lianjia.com/
山东,南充,https://nanchong.lianjia.com/
山东,遂宁,https://sn.lianjia.com/
山东,宜宾,https://yibin.lianjia.com/
山东,雅安,https://yaan.lianjia.com/
山东,宝鸡,https://baoji.lianjia.com/
山东,汉中,https://hanzhong.lianjia.com/
山东,西安,https://xa.lianjia.com/
山东,咸阳,https://xianyang.lianjia.com/
山东,晋中,https://jz.lianjia.com/
山东,太原,https://ty.lianjia.com/
山东,上海,https://sh.lianjia.com/
天津,天津,https://tj.lianjia.com/
新疆,乌鲁木齐,https://wlmq.lianjia.com/
云南,大理,https://dali.lianjia.com/
云南,昆明,https://km.lianjia.com/
云南,西双版纳,https://xsbn.fang.lianjia.com/
浙江,杭州,https://hz.lianjia.com/
浙江,湖州,https://huzhou.lianjia.com/
浙江,嘉兴,https://jx.lianjia.com/
浙江,金华,https://jh.lianjia.com/
浙江,宁波,https://nb.lianjia.com/
浙江,衢州,https://quzhou.lianjia.com/
浙江,绍兴,https://sx.lianjia.com/
浙江,台州,https://taizhou.lianjia.com/
浙江,温州,https://wz.lianjia.com/
浙江,义乌,https://yw.lianjia.com/
